{
   "dateTimeFormat"	: 	"Gregorian",
   "extension" 	:	{
   		"namespace"	: 	"My_Cancer_Story"
   },
   "events": [
   	{
	  	"start" 			: 		"Fri Sep 8 2006 10:00:00 ",
		"end" 				: 		"Fri Sep 8 2006 11:00:00 ",
		"eventID" 			: 		"001",
		"id" 				: 		"001a",
		"title" 			: 		"Abdominal Ultrasound",
		"durationEvent" 	: 		false,
		"typeIndex" 		: 		5,
		"type"				:		"test",
		"icon" 				:		"../images/ultrasound_40_40.jpg",
		"description" 		: 		"Up to 3 masses detected in and around the liver.",
		"pDescription" 		: 		"An ultrasound was performed to try to figure out what was wrong with me.  The technician was very concerned after he performed it and told me to go see my GP immediately.  My GP wrote me a note to have me admitted urgently into the hospital ER.  On the drive down to the hospital I looked at the report from my ultrasound.  The report said that there were up to 3 masses in and around my liver.",
		"details" 			:		{
			"typeDescription"		:		"test"	
		}
	}, {
	  	"start" 			:		"Fri Sep 8 2006 23:00:00",
		"end" 				:		"Sat Sep 9 2006 00:00:00",
		"title" 			:		"CT scan",
		"durationEvent" 	: 		false,
		"typeIndex" 		: 		5,
		"type"				: 		"test",
		"icon" 				:		"../images/ctscan_40_40.jpg",
		"description" 		: 		"CT scan demonstrated 8cm tumor infiltrating the common bile duct.  Further testing needed to determine tumor type.  \\n\\nPossible diagnosis: \\n\\nCholangiocarcinoma \\nHepatocellular Carcinoma \\nFibrolamellar Hepatocellular Carcinoma \\nFocal Nodular Hyperplasia",
		"pDescription" 		: 		"After a few hours in the ER, they took me upstairs to do a CT scan.  Afterwards they told me that there was an 8cm tumor blocking the bile duct - a tube that connects to the liver.  They were not sure if it was a liver tumor that grew into the bile duct or a bile duct tumor that grew into the liver."
	}, {
	  	"start" 			:		"Mon Sep 11 2006 10:00:00",
		"end" 				:		"Mon Sep 11 2006 11:00:00",
		"title" 			:		"CT scan",
		"durationEvent" 	: 		false,
		"typeIndex" 		: 		5,
		"type"				: 		"test",
		"icon" 				:		"../images/ctscan_40_40.jpg"
	}, {
	  	"start" 			:		"Fri Sep 8 2006 23:00:00",
		"title" 			:		"Ultrasound",
		"durationEvent" 	: 		false,
		"typeIndex" 		: 		5,
		"type"				: 		"test",
		"icon" 				:		"../images/ultrasound_40_40.jpg"
	}, {
	  	"start" 			:		"Fri Sep 8 2006 23:00:00",
		"title" 			:		"MRI",
		"durationEvent" 	: 		false,
		"typeIndex" 		: 		5,
		"type"				: 		"test",
		"icon" 				:		"../images/mri_40_40.jpg"
	}, {
	  	"start" 			:		"Thu Sep 14 2006 15:00:00",
		"title" 			:		"Stent + Percutaneous Drain implanted",
		"durationEvent" 	: 		false,
		"typeIndex" 		: 		5,
		"type"				: 		"test",
		"icon" 				:		"../images/ultrasound_40_40.jpg"
	}, {
	  	"start" 			:		"Fri Sep 8 2006 23:00:00",
		"title" 			:		"Fine Needle Biopsy",
		"durationEvent" 	: 		false,
		"typeIndex" 		:	 	5,
		"type"				: 		"test",
		"icon" 				:		"../images/ultrasound_40_40.jpg"
	}, {
		"start"				:		"Wed Nov 29 2006 00:08:00",
		"end"				:		"Nov 29 2006 00:16:00",
		"title"				:		"Liver Resection",
		"durationEvent"		: 		false,
		"description" 		:		"En bloc resection of the liver. 60% of the liver removed as well as the gall bladder, the entire biliary tree and a 10cm x 9cm x 8cm tumor.  Percutaneous drain and stent also removed.",
		"pDescription" 		: 		"My surgical oncologist, Dr. Wei, performed an 8 hour surgery.  She removed 60% of my liver, and also took out my gall bladder and all of the tubing connecting the liver and gall bladder to the other organs.  She then surgically attached the left over liver to my intestines.  She also cut out a piece of my diagphragm because the liver tumor was abutting it.  Finally, she took out the tube that they put in my abdomen earlier to bypass the blocked bile duct and allow the bile to drain.\\n\\nShe told me that she got all of the cancer out and that hopefully it didn't have a chance to spread before the surgery.",
		"typeIndex" 		: 		1, 
		"type"				: 		"surgery",
		"icon" 				:		"../images/surgery3_40_40.jpg",
		"surgeon"			: 		"Dr. Alice Wei",
		"resident"			:		["Dr. Hariri", "Dr. Shlomowitz"],
		"hospital"			:		"Toronto General Hospital",
		"location"			:		"Toronto, ON, Canada",
		"recoveryTimeHospital"	:	"7 days",
		"recoveryTimeHome" 	: 		"almost 3 months at home"
    }, {
		"start"				:		"Oct 20 2007 00:00:00",
		"end"				:		"Oct 30 2007 00:00:00",
		"title"				:		"Nexavar (Sorafenib)",
		"durationEvent"		:		true,
		"description" 		:		"Nexavar pills BID.",	
		"pDescription" 		:		"I tried Nexavar for 10 days but had really bad side effects.\\n\\n  For a week I had terrible stomach cramps.  When that finally went away, I got a full body rash, my feet were so swollen I could barely get my shoes on and it hurt like hell to stand up.  Worst of all, my red blood cell counts were way off and I had to see a hematologist to make sure I wasn't in any danger from the chemo.\\n\\nIt took 2 weeks of prednisone for me to recover.  The medical oncologist wanted to try again at 1/8 the original dose, but I wanted to try a different treatment.",		
		"typeIndex" 		: 		2,
		"type"				:		"chemo",
		"result"			:		"Progressive Disease",
		"isRecommended"		:		"NO",
		"duration"			:		"10 days",
		"sideEffects"		:		["Full Body Rash", "Extreme Swelling of the Feet", "Pain When Standing", "Elevated Red Blood Cell Counts", "Green Growths on My Fingers"]
	}, {
		"start"				:		"Wed Dec 5 2007 00:08:00",
		"end"				:		"Wed Dec 5 2007 00:16:00",
		"title"				:		"Diagphram and Lymph Nodes Resection",
		"durationEvent"		:		false,
		"typeIndex" 		:	 	1,
		"type"				: 		"surgery",
		"icon" 				:		"../images/surgery3_40_40.jpg",
		"description" 		: 		"Resection of enlarged lymph node from diaphragm.  Disection of diaphragm to access thoracic mass, completely excised.  Diaphragm repair.",
		"pDescription" 		: 		"Dr. Vauthey performed an 8 and a 1/2 hour surgery.  He removed an enlarged lymph node from my diaphragm, then cut a hole in my diaphragm so that he could get into my chest cavity where the other tumor was.  He then removed a mass from my chest.  \\n\\n He used the same incision site as last time so there is no new scar.  He also used a glue to close up the wound instead of staples, so the scar was much thinner.",
		"surgeon"			:		"Dr. J. N. Vauthey",
		"fellow"			:		"Dr. Melinda Moon",
		"physicianAssistant":		"Steven Wei",
		"hospital"			:		"M.D. Anderson Cancer Center",
		"location"			:		"Houston, TX, USA",
		"recoveryTimeHospital"	:	"7 days",
		"recoveryTimeHome"	: 		"2 weeks"
	},  {
		"start"				:		"Jan 28 2008 00:00:00",
		"end"				:		"Dec 08 2008 00:00:00",
		"title"				:		"5FU and Interferon Alpha",
		"durationEvent"		: 		true,
		"description" 		:		"3 week cycles of continuous 5FU infusion (2525mg/week) with subcutaneous injections of 8 million units of Interferon Alpha 3x weekly.",
		"pDescription" 		: 		"Cycles would last 3 weeks, with one week off between them.\\n\\nThe 5FU was administered with a bottle around the size of a baby bottle full of 5FU, which would slowly infuse into the body over the course of the week. At the end of each week, the empty bottle was replaced with a full one. Three bottles over three weeks would constitute one round.\\n\\nThe Interferon Alpha is administered with injections into fatty tissue - either in the belly or the thigh.",
		"typeIndex" 		: 		2,
		"type"				:		"chemo",
		"icon" 				:		"../images/chemo2_40_40.jpg",
		"result"			:		"Partial Response",
		"isRecommended"		:		"YES",
		"duration"			:		"9 months",
		"sideEffects"		:		["Extreme Fatige", "Mouth Sores", "Thrush", "Muscle Aches", "Headaches", "Difficulty Thinking/Focusing", "Elevated Heart Rate (at the beginning of rounds 1 and 2 only)"]
	},  {
		"start"				:		"Dec 09 2008 00:00:00",
		"end"				:		"Feb 28 2009 00:00:00",
		"title"				:		"Unmatched Donor Lymphocyte Infusions",
		"durationEvent"		: 		true,
		"description" 		:		"Injected with T-cells and Natural Killer cells from various unmatched donors.  Small non-chemotherapeutic doses of Avastin and Erbitux were administered to enhance the donated cells' ability to target the tumors.",
		"typeIndex" 		: 		4,
		"type"				:		"immuno",
		"result"			:		"Stable Disease",
		"duration"			:		"3 months"	
	},  {
		"start"				:		"Apr 09 2009 00:00:00",
		"end"				:		"June 28 2009 00:00:00",
		"title"				:		"Three different cancer cell vaccines administered.",
		"durationEvent"		: 		true,
		"description" 		:		"Three different cancer 'vaccines' were prepared and administered. Allogeneic T-cells and Natural Killer cells were provided by my brother, who is an 80% match for me.<br/> Vaccine #1: Allogeneic vaccine with Tumor juice, IL2, Avastin and Erbitux.  <br/>Vaccine #2: Allogeneic dendritic cell vaccine with tumor juice, IL2, Avastin and Erbitux.  <br/>Vaccine #3: Autologous T-cells extracted and mixed in vitro with alogeneic dendritic cells (pulsed with tumor) then reintroduced in my body.",
		"typeIndex" 		: 		4,
		"type"				:		"immuno",
		"result"			:		"Stable Disease",
		"duration"			:		"3 months"			 	
	},  {
		"start"				:		"Jun 28 2009 00:00:00",
		"end"				:		"Oct 29 2009 00:00:00",
		"title"				:		"Second Remission?!?  Impossible cure?",
		"durationEvent"		: 		true,
		"description" 		:		"Only sign of cancer was a couple of enlarged lymph nodes that initially shrunk and then remained stable during chemotherapy and cell therapy.  We thought and hoped the immunotherapy might have been curative"
	}, {
		"start"				:		"Fri Dec 16 2009 00:08:00",
		"end"				:		"Fri Dec  16 2009 00:16:30",
		"title"				:		"Lymph Nodes Resection",
		"durationEvent"		: 		false,
		"typeIndex" 		:	 	1,
		"type"				:		"surgery",
		"icon" 				:		"../images/surgery3_40_40.jpg",
		"surgeon"			:		"Dr. J.N. Vauthey",
		"fellow"			:		"Dr. Richard Barry",
		"physicianAssistant":		"Steven Wei",
		"hospital"			:		"M.D. Anderson Cancer Center",
		"location"			:		"Houston, TX, USA",
		"recoveryTimeHospital"	:	"7 days",
		"recoveryTimeHome"	: 		"2 and a half weeks"
	},  {
		"start"				:		"Feb 1 2010 00:00:00",
		"end"				:		"May 31 2010 00:00:00",
		"title"				:		"Xeloda and Interferon Alpha",
		"durationEvent"		:		true,
		"description" 		:		"Xeloda (oral 5FU) for 2 weeks at a time with subcutaneous injections of Interferon Alpha thrice weekly.",
		"pDescription"		:		"Xeloda (oral 5FU) for 2 weeks at a time with subcutaneous injections of Interferon Alpha thrice weekly.",
		"typeIndex" 		: 		2,
		"type"				:		"chemo",
		"result"			:		"unknown",
		"duration"			:		"3 months",
		"sideEffects"		:		["Swollen Hands and Feet", "Hot Feeling in Hands and Feet", "Elevated Heart Rate (only in the beginning)"]
	},  {
		"start"				:		"Jun 1 2010 00:00:00",
		"end"				:		"Oct 27 2011 00:00:00",
		"title"				:		"No evidence of disease.  CURED?!?",
		"durationEvent"		:		true,
		"description" 		:		"No evidence of disease ever since all enlarged lymph nodes were surgically removed."
	}]
}